"Item Number","Unit of Measure","Description Line 1","On Hand Quantity","Quantity Ordered","Open Balance","Expected Date"
"80095","PAIL","Strawberry Jam Bake Proof",21,30.00,30.00,"08/14/23"
"80085","PAIL","Raspberry Jam Seedless Bake Proof",13,30.00,30.00,"08/14/23"
"80077","CASE","Instant Custard (Pastry Cream)",0,3.00,3.00,"08/14/23"
"61035","BAG","Anasazi Beans 10lb",1,10.00,10.00,"07/31/23"
"67225","PC.","Natural Orange Extract 2oz*",0,9.00,9.00,"07/31/23"
"22225","PC.","Gary PC Description",2,1.00,1.00,"07/24/23"
"00007","EACH","Freight / Fuel Charges",0,1.00,1.00,"07/24/23"
"45055","CASE","Almond Flour Xtra Fine Blanched",39,1.00,1.00,"08/01/23"
"77024","CASE","Walnut Halves & Pieces",15,2.00,2.00,"08/01/23"
"77022","CASE","Almonds Sliced Natural Raw",11,12.00,12.00,"08/01/23"
"77002","CASE","Almonds Sliced Blanched",10,5.00,5.00,"08/01/23"
"77036","CASE","Cranberries Dried",9,4.00,4.00,"08/01/23"
"77042","CASE","Figs Black Mission",7,2.00,2.00,"08/01/23"
"77035","CASE","Apricots Dried",7,6.00,6.00,"08/01/23"
"77034","CASE","Pepitas Raw",5,8.00,8.00,"08/01/23"
"77088","CASE","Dates Medjool",4,18.00,18.00,"08/01/23"
"77053","CASE","Almonds Whole Natural",4,6.00,6.00,"08/01/23"
"77023","CASE","Macadamia Nuts Halves & Pieces",3,2.00,2.00,"08/01/23"
"33041","BAG","Coconut Ribbon Chip Unsweet",3,2.00,2.00,"08/01/23"
"41160","CASE","Ginger Crystallized Diced",2,2.00,2.00,"08/01/23"
"99988","CASE","Quinoa White Organic",2,3.00,3.00,"08/01/23"
"77003","CASE","Figs Calimyrna",2,2.00,2.00,"08/01/23"
"45055","CASE","Almond Flour Xtra Fine Blanched",39,50.00,50.00,"08/08/23"
"77044","CASE","Raisins Golden",15,2.00,2.00,"08/08/23"
"77024","CASE","Walnut Halves & Pieces",15,5.00,5.00,"08/08/23"
"77040","CASE","Sunflower Kernels Raw",11,2.00,2.00,"08/08/23"
"77002","CASE","Almonds Sliced Blanched",10,3.00,3.00,"08/08/23"
"77017","CASE","Cherries Tart Dried",10,8.00,8.00,"08/08/23"
"77035","CASE","Apricots Dried",7,2.00,2.00,"08/08/23"
"62101","CASE","Raisins Black Thompson Select",6,3.00,3.00,"08/08/23"
"77051","CASE","Blueberries Dried",3,2.00,2.00,"08/08/23"
"15035","CASE","Butter Sheets Unsalted",42,100.00,100.00,"07/31/23"
"99992","CASE","Artichoke Hearts Quartered 6/3kg",6,3.00,3.00,"07/31/23"
"54022","CASE","Double Devon Cream",6,3.00,3.00,"07/31/23"
"76014","CASE","Tart Shell Round Savory 1.8""",4,20.00,20.00,"07/31/23"
"67123","CASE","Provolone Valpadana Piccante",4,2.00,2.00,"07/31/23"
"75107","CASE","Olives Mediterranean Mix Pitted",3,3.00,3.00,"07/31/23"
"11304","CASE","Lady Fingers",3,4.00,4.00,"07/31/23"
"67044","CASE","Grana Padano Full 80lb",2,4.00,4.00,"07/31/23"
"54020","CASE","Stilton Blueberries",2,4.00,4.00,"07/31/23"
"37500","CASE","Gruyere Austrian",2,25.00,25.00,"07/31/23"
"00060","CASE","Parmesan Block For Shredding",2,6.00,6.00,"07/31/23"
"76126","CASE","Tart Shell Graham Round 2.2""",1,4.00,4.00,"07/31/23"
"75111","CASE","Balsamic Artigianale Villa Manodori",1,1.00,1.00,"07/31/23"
"53400","CASE","Mascarpone",1,3.00,3.00,"07/31/23"
"45140","CASE","Pecorino Romano 44lb",1,2.00,2.00,"07/31/23"
"10995","CASE","Olives Cerignola Black",1,4.00,4.00,"07/31/23"
"76009","CASE","Tart Shell Round Mini Graham 1.4""",0,7.00,7.00,"07/31/23"
"76000","CASE","Tart Shell Round Sweet 1.9""",0,30.00,30.00,"07/31/23"
"75114","CASE","Mustard Dijon Grain",0,3.00,3.00,"07/31/23"
"67045","CASE","Parmigiano Reggiano 12/18mo Full",0,6.00,6.00,"07/31/23"
"51011","CASE","Danish Blue Cheese 6lb",0,6.00,6.00,"07/31/23"
"45310","CASE","Feta Cheese 7kg",0,10.00,10.00,"07/31/23"
"37134","CASE","Ricotta Salata",0,3.00,3.00,"07/31/23"
"15035","CASE","Butter Sheets Unsalted",42,70.00,70.00,"07/31/23"
"00060","CASE","Parmesan Block For Shredding",2,4.00,4.00,"07/31/23"
"67173","CASE","Swiss French Emmental",0,8.00,8.00,"07/31/23"
"37134","CASE","Ricotta Salata",0,1.00,1.00,"07/31/23"
"31097","CASE","Macarons Assorted 2/35ct",51,50.00,50.00,"07/31/23"
"70016","CASE","Croissant Mini",12,10.00,10.00,"07/31/23"
"32001","CASE","Brioche Braided Unsliced",8,4.00,4.00,"07/31/23"
"70015","CASE","Croissant Almond Large",7,4.00,4.00,"07/31/23"
"59203","CASE","Madeleine Pure Butter",4,2.00,2.00,"07/31/23"
"30901","CASE","Chocolate Twist Large",4,8.00,8.00,"07/31/23"
"88888","CASE","Croissant P&B Large",3,10.00,10.00,"07/31/23"
"30911","CASE","Croissant Chocolate Large P&B",3,6.00,6.00,"07/31/23"
"70002","CASE","Croissant Large",2,4.00,4.00,"07/31/23"
"59226","CASE","Cake Lime Mango Raw",2,2.00,2.00,"07/31/23"
"59223","CASE","Cake Raspberry Blueberry Raw",2,1.00,1.00,"07/31/23"
"70006","CASE","Apple Turnover Large",0,15.00,15.00,"07/31/23"
"59228","CASE","Cake Raspberry Passion Fruit Raw",0,4.00,4.00,"07/31/23"
"30942","CASE","Cake Strawberry Layer Strip",0,4.00,4.00,"07/31/23"
"24156","CASE","Tart Shell Round Chocolate 4""",0,8.00,8.00,"07/31/23"
"30036","CASE","Blue Corn Tortilla 4"" Par Cooked*",11,55.00,55.00,"07/27/23"
"30038","CASE","Blue Corn Tortilla Chips Cooked*",2,1.00,1.00,"07/27/23"
"11036","PC.","Almond Extract 12.7oz",0,36.00,36.00,"08/01/23"
"00007","EACH","Freight / Fuel Charges",0,1.00,1.00,"07/26/23"
"86504","CASE","Ham Country Dry Cured*",-1,1.00,1.00,"07/26/23"
"40023","PAIL","Half Sour Pickles Small",14,12.00,12.00,"07/31/23"
"40024","PAIL","Garlic Dill Pickles Small",12,6.00,6.00,"07/31/23"
"40019","CASE","Deli Mustard Squeeze Bottle 12/12oz",5,10.00,10.00,"07/31/23"
"40007","PAIL","Kraut Pail",5,6.00,6.00,"07/31/23"
"40014","CASE","White Horseradish 12/8oz",4,5.00,5.00,"07/31/23"
"40013","CASE","Red Horseradish 12/8oz",3,5.00,5.00,"07/31/23"
"40001","CASE","Garlic Dill Pickles 6/32oz",3,10.00,10.00,"07/31/23"
"40004","CASE","Kraut 6/32oz",-2,15.00,15.00,"07/31/23"
"40002","CASE","Half Sour Pickles 6/32oz",-5,25.00,25.00,"07/31/23"
"25055","CASE","Gluten Free Multi Purpose Flour",16,75.00,75.00,"08/07/23"
"00007","EACH","Freight / Fuel Charges",0,1.00,1.00,"08/07/23"
"25058","CASE","Multi Purpose Flour Dairy Free GF",-2,25.00,25.00,"08/07/23"
"00003","EACH","Handling / Packaging Charge",0,1.00,1.00,"07/31/23"
"00007","EACH","Freight / Fuel Charges",0,1.00,1.00,"07/31/23"
"91000","BAG","Silica Desiccant Packs*",-2,1.00,1.00,"07/31/23"
"49000","BAG","Flour Bread Trailblazer Select T85",196,150.00,150.00,"08/15/23"
"49005","BAG","Flour Glacier Peak Select T65",57,200.00,200.00,"08/15/23"
"49001","BAG","Flour AP Sequoia T85",2,150.00,150.00,"08/15/23"
"81107","CASE","Bosna Sausage*",27,30.00,30.00,"07/27/23"
"81108","CASE","Elk Jalapeno Cheddar Bratwurst",3,4.00,4.00,"07/27/23"
"81102","CASE","Buffalo Jalapeno Cheddar Bratwurst",1,4.00,4.00,"07/27/23"
"69125","PC.","Pastry Bags Disposable 21""",10,8.00,8.00,"07/27/23"
"86626","BAG","Sugar Powdered 10X",9,5.00,5.00,"07/27/23"
"72505","CASE","Instant Yeast RED",5,3.00,3.00,"07/27/23"
"71019","CASE","Palm Oil Organic",3,4.00,4.00,"07/27/23"
"86623","CASE","Heath Bar Pieces*",2,1.00,1.00,"07/27/23"
"77808","CASE","Donut Sugar New Snow",1,1.00,1.00,"07/27/23"
"72506","CASE","Instant Yeast GOLD",1,6.00,6.00,"07/27/23"
"71043","PC.","Sanding Sugar White",0,10.00,10.00,"07/27/23"
"45054","CASE","Semolina Flour",0,20.00,20.00,"07/27/23"
"33073","BAG","Durum Flour Extra Fancy",0,3.00,3.00,"07/27/23"
"11114","CASE","Garret CASE Description",-4,1.00,1.00,"07/27/23"
"74003","CASE","Cocoa Powder-Carbon Black 10-12%",1,2.00,2.00,"07/25/23"
"00007","EACH","Freight / Fuel Charges",0,1.00,1.00,"07/25/23"
"10200PA","CASE","Namur Semi-Sweet Choc Couv 55%",360,720.00,720.00,"/  /"
"10205PA","CASE","Blanche White Chocolate",271,630.00,630.00,"/  /"
"10200PAK","CASE","Namur Semi-Sweet Kosher Pareve 55%",0,540.00,540.00,"/  /"
"10207PA","CASE","Dinant Dark Chocolate Couv 70%",450,540.00,540.00,"/  /"
"10200PA","CASE","Namur Semi-Sweet Choc Couv 55%",360,180.00,180.00,"/  /"
"10205PA","CASE","Blanche White Chocolate",271,180.00,180.00,"/  /"
"10208","CASE","Cocoa Liquor 100%",46,180.00,180.00,"/  /"
"10201PA","CASE","Perron Dark Choc Couv 60%",855,540.00,540.00,"/  /"
"10200PA","CASE","Namur Semi-Sweet Choc Couv 55%",360,720.00,720.00,"/  /"
"10205PA","CASE","Blanche White Chocolate",271,630.00,630.00,"/  /"
"10206PA","CASE","Brogne Milk Chocolate Couv 35%",1342,630.00,630.00,"/  /"
"10200PA","CASE","Namur Semi-Sweet Choc Couv 55%",360,720.00,720.00,"/  /"
"10205PA","CASE","Blanche White Chocolate",271,540.00,540.00,"/  /"
"10206CA","CASE","Brogne Milk Chocolate Couv 35%",180,1170.00,1170.00,"/  /"
"10207CA","CASE","Dinant Dark Chocolate Couv 70%",0,540.00,540.00,"/  /"
"10205CA","CASE","Blanche White Chocolate",0,90.00,90.00,"/  /"
"10200CA","CASE","Namur Semi-Sweet Choc Couv 55%",0,90.00,90.00,"/  /"
"10208W","CASE","Cocoa Liquor 100%",90,270.00,270.00,"/  /"
"10201","CASE","Perron Dark Choc Couv 60%",446,270.00,270.00,"/  /"
"10200","CASE","Namur Semi-Sweet Choc Couv 55%",65,810.00,810.00,"/  /"
"10205","CASE","Blanche White Chocolate Chips",55,810.00,810.00,"/  /"
"10206PA","CASE","Brogne Milk Chocolate Couv 35%",1342,810.00,810.00,"/  /"
"10201PA","CASE","Perron Dark Choc Couv 60%",855,270.00,270.00,"/  /"
"10200PA","CASE","Namur Semi-Sweet Choc Couv 55%",360,270.00,270.00,"/  /"
"10205PA","CASE","Blanche White Chocolate",271,360.00,360.00,"/  /"
"94003","CASE","Toffee Singles Dark Chocolate Bulk*",1,9.00,9.00,"08/02/23"
"94002","CASE","Toffee Singles Milk Chocolate Bulk*",0,5.00,5.00,"08/02/23"
"49989","CASE","Milk Almond Toffee Petites*",0,1.00,1.00,"08/02/23"
"49988","CASE","Dark Almond Toffee Petites*",0,1.00,1.00,"08/02/23"
"67811","CASE","Cheddar Prairie Breeze",15,15.00,15.00,"07/31/23"
"77033","BAG","Almonds Marcona Sauteed Salted 2kg",12,35.00,35.00,"07/31/23"
"47074","CASE","Crackers Crispy Garlic Herbs",4,3.00,3.00,"07/31/23"
"47046","CASE","Crackers Crispy Sea Salt",3,4.00,4.00,"07/31/23"
"47048","CASE","Crackers Crispy Poppy Pepper",2,1.00,1.00,"07/31/23"
"67284","CASE","Ossau Iraty 9lb",1,4.00,4.00,"07/31/23"
"67169","CASE","Cambozola Blue",1,1.00,1.00,"07/31/23"
"67107","CASE","Havarti Creamy Dill 8lb*",1,7.00,7.00,"07/31/23"
"47075","CASE","Crackers Crispy Olive Oil Basil",1,4.00,4.00,"07/31/23"
"71076","CASE","Sage Derby 9lb",0,8.00,8.00,"07/31/23"
"67819","CASE","Primadonna Fino Red",0,1.00,1.00,"07/31/23"
"67817","CASE","La Tur Alta Langa",0,6.00,6.00,"07/31/23"
"67299","CASE","Bucheron Goat French Reine 2.2lb",0,15.00,15.00,"07/31/23"
"67279","CASE","Delice de Bourgogne 2kg",0,10.00,10.00,"07/31/23"
"67170","PC.","Roquefort",0,8.00,8.00,"07/31/23"
"67167","CASE","Brie 60% 3kg",0,3.00,3.00,"07/31/23"
"67166","CASE","St Angel-Triple Creme",0,8.00,8.00,"07/31/23"
"67149","CASE","Brie 60%",0,13.00,13.00,"07/31/23"
"62131","CASE","Le Delice du Jura Reblechon",0,1.00,1.00,"07/31/23"
"62115","CASE","Camembert",0,6.00,6.00,"07/31/23"
"57001","PC.","Taleggio",0,10.00,10.00,"07/31/23"
"67195","CASE","Bleu D'Auvergne",0,2.00,2.00,"07/31/23"
"77782","CASE","Chocolate Croissant 4oz",-1,1.00,1.00,"07/20/23"
"77906","CASE","Almond Croissant*",-2,2.00,2.00,"07/20/23"
"77884","CASE","Spinach & Mushroom Quiche 4""",9,20.00,20.00,"07/26/23"
"77905","CASE","Nutella Cruffin*",4,3.00,3.00,"07/26/23"
"77883","CASE","Bacon & Cheddar Quiche 4""",3,30.00,30.00,"07/26/23"
"77778","CASE","Almond Financier GF*",3,12.00,12.00,"07/26/23"
"77787","LOAF","Lemon Bread Sliced*",2,6.00,6.00,"07/26/23"
"77786","LOAF","Banana Bread Sliced*",2,6.00,6.00,"07/26/23"
"77776","CASE","Blueberry Financier GF",2,10.00,10.00,"07/26/23"
"77765","CASE","French Baguette",2,45.00,45.00,"07/26/23"
"77904","CASE","Pain Suisse*",1,2.00,2.00,"07/26/23"
"77888","CASE","Chocolate Financier GF",1,8.00,8.00,"07/26/23"
"77783","CASE","Butter Croissant 4oz",1,2.00,2.00,"07/26/23"
"77782","CASE","Chocolate Croissant 4oz",-1,8.00,8.00,"07/26/23"
"77906","CASE","Almond Croissant*",-2,8.00,8.00,"07/26/23"
"46707","CASE","St. Julien Bonbon Box*",0,500.00,500.00,"08/21/23"
"18003","CASE","Red Wine Vinegar Aged 2/5L",15,16.00,16.00,"08/03/23"
"71059","CASE","White Wine Vinegar 2/5L",12,10.00,10.00,"08/03/23"
"18004","CASE","Apple Cider Vinegar 2/5L",11,10.00,10.00,"08/03/23"
"54014","CASE","Oil Cured Olives Pitted",10,6.00,6.00,"08/03/23"
"18000","CASE","Champagne Vinegar 2/5L",10,24.00,24.00,"08/03/23"
"11012","CASE","Dijon Mustard Smooth",5,5.00,5.00,"08/03/23"
"59006","CASE","Picholine Olives with Pits",4,3.00,3.00,"08/03/23"
"54008","CASE","Kalamata Olives Pitted",4,15.00,15.00,"08/03/23"
"17001","CASE","Peppadew Peppers",3,5.00,5.00,"08/03/23"
"11046","CASE","Frescatrano Olives Pitted",3,2.00,2.00,"08/03/23"
"71225","CASE","Tangerine & Chili Olives Pitted",2,3.00,3.00,"08/03/23"
"61014","CASE","Sweety Drops Peruvian Peppers",2,4.00,4.00,"08/03/23"
"31007","CASE","Caperberries 6/32oz",2,2.00,2.00,"08/03/23"
"13040","CASE","Calabrian Hot Chile Peppers Chopped",2,6.00,6.00,"08/03/23"
"11051","CASE","Dijon Mustard Smooth 12/7.05oz",2,2.00,2.00,"08/03/23"
"71224","CASE","Spicy Greek Garden Medley",1,5.00,5.00,"08/03/23"
"65889","CASE","Greek Olive Mix Pitted",1,14.00,14.00,"08/03/23"
"55044","CASE","Olives Stuffed Jalapeno 6/7.8oz*",1,2.00,2.00,"08/03/23"
"55040","CASE","Pickled Okra Hot & Crunchy",1,1.00,1.00,"08/03/23"
"11072","CASE","Organic Pitted Kalamata 6/6oz",1,3.00,3.00,"08/03/23"
"54010","CASE","Kalamata Olives with Pit*",0,2.00,2.00,"08/03/23"
"13045","CASE","Calabrian Chile Peppers Chopped",0,3.00,3.00,"08/03/23"
"11049","CASE","Sour Cherry Spread",0,2.00,2.00,"08/03/23"
"10252","EACH","Mother Pearl Caviar Spoons*",35,47.00,47.00,"07/27/23"
"13005","CASE","Harissa Hot Sauce",9,1.00,1.00,"08/08/23"
"71093","CASE","Verjus Blanc",6,16.00,16.00,"08/08/23"
"13057","CASE","Harissa Paste Tube",3,2.00,2.00,"08/08/23"
"80060","CASE","Cherries Amarena",2,8.00,8.00,"08/08/23"
"64001","CASE","Isomalt",2,3.00,3.00,"08/08/23"
"62140","CASE","Salt Sea Fine Blue",2,2.00,2.00,"08/08/23"
"61000","CASE","Cherries in Kirsch Griottes",2,1.00,1.00,"08/08/23"
"20046","CASE","Oil Extra Virgin Olive French",1,6.00,6.00,"08/08/23"
"13084","CASE","Peppercorns Green in Brine",1,3.00,3.00,"08/08/23"
"13073","CASE","Mustard Dijon Smooth Retail",1,1.00,1.00,"08/08/23"
"66159","CASE","Mustard Dijon Tarragon Retail*",0,2.00,2.00,"08/08/23"
"90026","PC.","Prosciutto Di Parma",27,10.00,10.00,"08/07/23"
"90024","CASE","Prosciutto Presliced 20mo 12/3oz",12,35.00,35.00,"08/07/23"
"90000","PC.","Prosciutto Di San Daniele",1,3.00,3.00,"08/07/23"
"90027","PC.","Prosciutto Di Parma 24mo",0,6.00,6.00,"08/07/23"
"19803","CASE","La Belle Custom Logo",11,24.00,24.00,"07/24/23"
"60075","CASE","Chocolate Truffle Assortment",7,5.00,5.00,"07/26/23"
"60097","CASE","GF Quinoa and Zuchini Fritter",5,5.00,5.00,"07/26/23"
"60083","CASE","Empanada Short Rib & Manchego",5,10.00,10.00,"07/26/23"
"60057","CASE","Wild Mushroom Tart",3,15.00,15.00,"07/26/23"
"60078","CASE","Coney Island Franks",0,5.00,5.00,"07/26/23"
"60069","CASE","Arancini Asparagus & Mushrooms",0,15.00,15.00,"07/26/23"
"60061","CASE","Spring Roll Maui Shrimp",0,15.00,15.00,"07/26/23"
"60051","CASE","Beef Wellington",0,20.00,20.00,"07/26/23"
"10088","CASE","Dumpling Edamame",0,10.00,10.00,"07/26/23"
"00007","EACH","Freight / Fuel Charges",0,1.00,1.00,"07/26/23"
"77115","CASE","Rye Flour Organic",6,2.00,2.00,"07/26/23"
"71089","CASE","Buckwheat Flour Organic",5,3.00,3.00,"07/26/23"
"77088","CASE","Dates Medjool",4,6.00,6.00,"07/26/23"
"79998","CASE","Millet Hulled",1,1.00,1.00,"07/26/23"
"11119","CASE","Patrick CASE Description",0,1.00,1.00,"07/26/23"
"99981","PAIL","Peanut Butter Smooth Organic*",0,2.00,2.00,"07/26/23"
"86624","BAG","Powdered Sugar Organic",0,1.00,1.00,"07/26/23"
"45626","PC.","Goji Berries Organic*",0,2.00,2.00,"07/26/23"
"18023","CASE","Oat Flour Organic*",0,2.00,2.00,"07/26/23"
"18025","BAG","Spelt Flour",0,3.00,3.00,"07/26/23"
"29999","CASE","Oats Rolled Organic",0,4.00,4.00,"07/26/23"
"77811P","PC.","Chia Seeds Black Organic 5lb",0,5.00,5.00,"07/26/23"
"80000","BAG","Nutritional Yeast",-1,18.00,18.00,"07/26/23"
"71062","PC.","Gelatin Sheets Silver",12,100.00,100.00,"08/07/23"
"00002","EACH","",146,1.00,1.00,"08/10/23"
"25036","CASE","GF Tapioca Flour/Starch 50lb",17,35.00,35.00,"08/10/23"
"25039","CASE","All Purpose Flour GF",12,10.00,10.00,"08/10/23"
"99984","CASE","Short Grain Brown Rice",8,10.00,10.00,"08/10/23"
"25042","BAG","Artisan Malted Bread Flour Unbleach",8,5.00,5.00,"08/10/23"
"25041","BAG","Snowflake AP Flour Unbleached",8,35.00,35.00,"08/10/23"
"87146","CASE","Sea Salt Fine Bulk",6,20.00,20.00,"08/10/23"
"33054","CASE","Garbanzo Flour",4,15.00,15.00,"08/10/23"
"25035","CASE","Steel Cut Oats",3,10.00,10.00,"08/10/23"
"25034","CASE","Bulgur Wheat Medium",3,5.00,5.00,"08/10/23"
"25037","CASE","White Rice Flour GF",2,15.00,15.00,"08/10/23"
"87145","BAG","Hi-Pro Flour Unbleached*",1,10.00,10.00,"08/10/23"
"41195","CASE","Flax Seed",0,5.00,5.00,"08/10/23"
"14004","CASE","Buffalo Jerky 12/3oz",5,3.00,3.00,"07/27/23"
"13088","CASE","Tasso Ham",4,14.00,14.00,"07/27/23"
"14003","CASE","Beef Jerky 12/4oz",1,2.00,2.00,"07/27/23"
"71511","CASE","Tapas Hojaldrada Empanada Dough*",12,8.00,8.00,"07/27/23"
"51280","PC.","Achiote Paste",10,8.00,8.00,"07/27/23"
"45617","CASE","Harina Blanca Amarilla",5,1.00,1.00,"07/27/23"
"45622","CASE","Plantain Chips w/sea salt*",2,2.00,2.00,"07/27/23"
"45615","CASE","Aji Mirasol 12/7.5oz*",2,2.00,2.00,"07/27/23"
"80101","PAIL","Fondant Patissier",14,8.00,8.00,"07/31/23"
"45290","CASE","BelCoat Dark Confectionery Coating",11,6.00,6.00,"07/31/23"
"80107","CASE","Chocolate Batons 300ct",9,4.00,4.00,"07/31/23"
"80015","PAIL","Sugar Trimoline Inverted",9,4.00,4.00,"07/31/23"
"76125","CASE","Tart Shell Straight 3.75"" Sweet",9,6.00,6.00,"07/31/23"
"59430","CASE","Choc Couverture Misterio 58%",9,6.00,6.00,"07/31/23"
"80117","PAIL","Glucose Dried",7,4.00,4.00,"07/31/23"
"45291","CASE","BelCoat White Confectionery Coating",5,6.00,6.00,"07/31/23"
"66170","TUB","Pistachio Paste DGF 1kg",4,1.00,1.00,"07/31/23"
"59431","CASE","Choc Couverture Perla 64%",3,3.00,3.00,"07/31/23"
"77897","PAIL","Mirror Glaze Cold",2,6.00,6.00,"07/31/23"
"66138","CASE","Pistachio Paste",2,1.00,1.00,"07/31/23"
"88039","CASE","Microdrops Mixed 25,000ct",1,1.00,1.00,"07/31/23"
"88035","CASE","Curls White Blossom",1,5.00,5.00,"07/31/23"
"80118","CASE","Fruit Pectin*",1,4.00,4.00,"07/31/23"
"80110","BAG","Genoise Mix",1,1.00,1.00,"07/31/23"
"80100","PAIL","Apricot Glaze",1,1.00,1.00,"07/31/23"
"66142","CASE","Strawberry Paste",1,1.00,1.00,"07/31/23"
"59450","CASE","Cup Mini Dark Chocolate",1,1.00,1.00,"07/31/23"
"88030","CASE","Curls Dark Blossom",0,10.00,10.00,"07/31/23"
"66185","PC.","Raspberry Paste*",0,3.00,3.00,"07/31/23"
"66167","CASE","Orange Paste*",0,1.00,1.00,"07/31/23"
"00007","EACH","Freight / Fuel Charges",0,1.00,1.00,"07/31/23"
"51070","CASE","Saucisson Basque 2/4lb",0,4.00,4.00,"07/27/23"
"51063","CASE","Salami Finocchiona 2/4lb",0,6.00,6.00,"07/27/23"
"50057","CASE","Sansho Powder",0,3.00,3.00,"08/01/23"
"50055","CASE","Roasted Golden Sesame Seeds*",0,1.00,1.00,"08/01/23"
"50051","CASE","Liquid Shio Koji",0,12.00,12.00,"08/01/23"
"15006","CASE","Everything Bagels 4oz",47,40.00,40.00,"07/31/23"
"15052","CASE","Blueberry Bagels 4.5oz",14,10.00,10.00,"07/31/23"
"15063","CASE","Jalapeno Cheddar Bagels 4.5oz",13,20.00,20.00,"07/31/23"
"15054","CASE","French Toast Bagels 4.5oz",5,10.00,10.00,"07/31/23"
"00007","EACH","Freight / Fuel Charges",0,1.00,1.00,"07/31/23"
"15010","CASE","Garlic Bagels 4oz",0,10.00,10.00,"07/31/23"
"15001","CASE","Plain Bagels 4oz",97,60.00,60.00,"08/07/23"
"15006","CASE","Everything Bagels 4oz",47,90.00,90.00,"08/07/23"
"15063","CASE","Jalapeno Cheddar Bagels 4.5oz",13,10.00,10.00,"08/07/23"
"15054","CASE","French Toast Bagels 4.5oz",5,20.00,20.00,"08/07/23"
"00007","EACH","Freight / Fuel Charges",0,2.00,2.00,"08/07/23"
"33041","BAG","Coconut Ribbon Chip Unsweet",3,2.00,2.00,"07/26/23"
"77041","CASE","Peaches Dried",0,1.00,1.00,"07/26/23"
"78562","PC.","Vegetable Glycerin*",-1,1.00,1.00,"07/24/23"
"10195","CASE","Sir Galahad Flour",69,550.00,550.00,"07/28/23"
"10198","CASE","Special Patent Flour",65,300.00,300.00,"07/28/23"
"00007","EACH","Freight / Fuel Charges",0,1.00,1.00,"07/28/23"
"77726","CASE","Croissant Large",85,90.00,90.00,"07/31/23"
"77869","CASE","Danish Cheese Large",21,8.00,8.00,"07/31/23"
"77737","CASE","Croissant Spinach & Ricotta",21,16.00,16.00,"07/31/23"
"77753","CASE","Blueberry Danish (Small)*",20,10.00,10.00,"07/31/23"
"77734","CASE","Danish Cherry Small",18,4.00,4.00,"07/31/23"
"99994","CASE","Croissant Dough Sheets",17,4.00,4.00,"07/31/23"
"77757","CASE","Cinnamon Bun Medium",17,12.00,12.00,"07/31/23"
"77724","CASE","Croissant Chocolate Large",17,90.00,90.00,"07/31/23"
"77725","CASE","Croissant Small",15,40.00,40.00,"07/31/23"
"77735","CASE","Croissant Ham & Swiss",13,24.00,24.00,"07/31/23"
"77825","CASE","Croissant Almond log Medium",10,8.00,8.00,"07/31/23"
"77763","CASE","Cinnamon Bun Small",9,12.00,12.00,"07/31/23"
"77751","CASE","Croissant Raisin Large",8,12.00,12.00,"07/31/23"
"77732","CASE","Danish Cheese Small",8,4.00,4.00,"07/31/23"
"77835","CASE","Danish Cinnamon Large",5,8.00,8.00,"07/31/23"
"77802","CASE","Puff Pastry Full Sheets",5,8.00,8.00,"07/31/23"
"77729","CASE","Danish Apple Small",4,8.00,8.00,"07/31/23"
"77733","CASE","Danish Apricot Small",3,4.00,4.00,"07/31/23"
"77845","CASE","Danish Variety Pack Small",0,24.00,24.00,"07/31/23"
"77723","CASE","Puff Pastry Half Sheets",0,24.00,24.00,"07/31/23"
"85572","CASE","Chips Potato Iberico Ham",12,6.00,6.00,"07/31/23"
"85573","CASE","Chips Potato Extra Virgin Olive Oil",8,8.00,8.00,"07/31/23"
"77076","PC.","Serrano 12 Month Boneless",8,6.00,6.00,"07/31/23"
"85576","CASE","Chips Potato Cured Cheese",7,8.00,8.00,"07/31/23"
"85569","CASE","Serrano Ham Sliced Palacios 3.5oz",5,8.00,8.00,"07/31/23"
"77222","CASE","Cantimpalitos*",3,1.00,1.00,"07/31/23"
"85555","CASE","Manzanilla Olives Pitted",2,1.00,1.00,"07/31/23"
"77068","CASE","Salchichon De Vic Dry Salami 7/1.5",2,8.00,8.00,"07/31/23"
"77062","CASE","Piparras Basque Green Peppers 1gal",2,2.00,2.00,"07/31/23"
"85561","CASE","Olive Mix Carmona Natural",1,1.00,1.00,"07/31/23"
"77083","CASE","Blood Sausage Morcilla de Cebolla",1,2.00,2.00,"07/31/23"
"77061","CASE","Chorizo Soria",1,4.00,4.00,"07/31/23"
"85585","CASE","Chorizo Iberico 15/2oz",0,3.00,3.00,"07/31/23"
"77081","CASE","Sausage Chistorra Basque Style*",0,4.00,4.00,"07/31/23"
"71500","CASE","Chorizo Dried Hot Spanish",0,12.00,12.00,"07/31/23"
"38100","CASE","Iberico Queso",0,2.00,2.00,"07/31/23"
"77060","CASE","Chorizo Bilbao Semi Cured 10/16oz",-2,16.00,16.00,"07/31/23"
"85571","CASE","Chips Potato Black Truffle",-4,25.00,25.00,"07/31/23"
"77801","CASE","Fried Wonton Wrapper*",2,2.00,2.00,"07/26/23"
"77791","CASE","Dumpling Wrappers Round",1,6.00,6.00,"07/26/23"
"45115","CASE","Royal Basmati 20lb",0,6.00,6.00,"07/26/23"
"50032","CASE","Pho Noodle*",-2,2.00,2.00,"07/26/23"
"26002","CASE","Rosemary Raisin Pecan Crisp 12/5.3z",12,10.00,10.00,"07/24/23"
"26003","CASE","Fig & Olive Crisps 12/5.3oz",6,15.00,15.00,"07/24/23"
"26019","CASE","GF Salty Date Crisps",4,25.00,25.00,"07/24/23"
"26007","CASE","GF Rosemary Raisin Crisp 12/5.3oz",2,5.00,5.00,"07/24/23"
"26001","CASE","Cranberry Hazelnut Crisps 12/5.3oz",2,25.00,25.00,"07/24/23"
"26004","CASE","Salty Date & Almond Crisps 12/5.3oz",-1,25.00,25.00,"07/24/23"
"45314","CASE","Goat Cheese Original",16,60.00,60.00,"08/01/23"
"45322","CASE","Chandoka Mixed Milk",0,2.00,2.00,"08/01/23"
"63223","CASE","White Sandwich Loaf GF",17,50.00,50.00,"07/25/23"
"63226","CASE","Dinner Roll White Indivd Wrap GF",9,40.00,40.00,"07/25/23"
"63225","CASE","Burger Bun GF",9,20.00,20.00,"07/25/23"
"63224","CASE","5 Grain Sandwich Loaf GF",3,10.00,10.00,"07/25/23"
"61030","CASE","Agave Amber",3,4.00,4.00,"07/31/23"
"61033","CASE","Agave Nectar Wild Light",0,12.00,12.00,"07/31/23"
"63061","CASE","Rocky Brats Buffalo & Pork 3:1",4,3.00,3.00,"07/28/23"
"63009","CASE","Chorizo Bulk",3,6.00,6.00,"07/28/23"
"63078","CASE","Green Chili Cilantro Pork Bulk*",2,4.00,4.00,"07/28/23"
"63017","CASE","Pork Rocky Brat 4:1",2,4.00,4.00,"07/28/23"
"63065","CASE","Grn Chili Cilantro Chicken 4:1",0,8.00,8.00,"07/28/23"
"33099","PC.","Duck Breast FRZ",90,300.00,300.00,"09/11/23"
"33093","PC.","Duck Legs Moulard 12-14oz  FRZ",66,32.00,32.00,"09/11/23"
"33100","PC.","Foie Gras Slices IQF 20ct*",0,12.00,12.00,"09/11/23"
"49103","CASE","Gnocchi Lemon Ricotta*",7,7.00,7.00,"07/26/23"
"49103","CASE","Gnocchi Lemon Ricotta*",7,4.00,4.00,"08/02/23"
"49037","CASE","Pappardelle No Egg Dry",4,8.00,8.00,"08/02/23"
"49066","CASE","Spinach & Four Cheese Ravioli*",0,12.00,12.00,"08/02/23"
"45367","CASE","Juice Apple Lemon Ginger 6/16oz",89,75.00,75.00,"08/04/23"
"45368","CASE","Juice Golden Girl 6/16oz",79,25.00,25.00,"08/04/23"
"65499","CASE","Juice Rockin' Beet 6/16oz*",55,20.00,20.00,"08/04/23"
"65498","CASE","Juice Coconut Hydr8 6/16oz",38,30.00,30.00,"08/04/23"
"65488","CASE","Juice Melon Hydr8 6/16oz",15,85.00,85.00,"08/04/23"
"65491","CASE","Juice Active Charcoal 6/16oz",13,12.00,12.00,"08/04/23"
"65493","CASE","Juice Shots Green Boost",3,95.00,95.00,"08/04/23"
"65500","CASE","Juice Shots Heartbeet",-1,75.00,75.00,"08/04/23"
"84026","CASE","Mission Fig Jam",3,1.00,1.00,"07/27/23"
"84023","CASE","Raspberry Jam Organic",3,3.00,3.00,"07/27/23"
"84022","CASE","Strawberry Jam Organic",3,2.00,2.00,"07/27/23"
"84029","CASE","Apricot Jam",1,2.00,2.00,"07/27/23"
"84040","CASE","Strawberry Jam Organic 12/8oz",0,2.00,2.00,"07/27/23"
"54061","CASE","Oyster Sauce*",0,2.00,2.00,"07/25/23"
"78790","CASE","Duck Eggs 20 ct*",0,1.00,1.00,"07/25/23"
"11009","CASE","Korean Rice Cakes*",0,2.00,2.00,"07/25/23"
"78793","CASE","Mushroom Seasoning Powder",0,1.00,1.00,"07/25/23"
"78044","CASE","Udon Noodles Fresh*",0,2.00,2.00,"07/25/23"
"68753","BAG","Dried Shiitake Mushrooms Bulk",0,4.00,4.00,"07/25/23"
"61036","CASE","Wasabi Paste Frozen",0,1.00,1.00,"07/25/23"
"88106","CASE","Pretzel Zeppelin Stick 1.14oz",33,12.00,12.00,"08/07/23"
"88102","CASE","Pretzel Twist 10oz",33,24.00,24.00,"08/07/23"
"88104","CASE","Pretzel Bites",13,20.00,20.00,"08/07/23"
"88107","CASE","Pretzel Sub 6.5"" 3.7oz",0,12.00,12.00,"08/07/23"
"88108","CASE","Pretzel Bun 4"" 3oz",-1,12.00,12.00,"08/07/23"
"00007","EACH","Freight / Fuel Charges",0,1.00,1.00,"07/26/23"
"69101","CASE","Panettone Muffin Cups P70/50*",0,1.00,1.00,"07/26/23"
"86509","CASE","Summer Sausage*",2,5.00,5.00,"07/26/23"
"86508","CASE","Pork Breakfast Links*",1,2.00,2.00,"07/26/23"
"86502","CASE","Pastrami Black Angus*",0,1.00,1.00,"07/26/23"
"86500","CASE","Turkey Smoked Peach Wood ABF",-1,14.00,14.00,"07/26/23"
"63201","CASE","Chicken Pot Pie 5""",1,5.00,5.00,"07/26/23"
"63203","CASE","Neopolitan Mixed Hand Pies*",0,2.00,2.00,"07/26/23"
"88061","PC.","Spice Container Large LID*",0,90.00,90.00,"/  /"
"88060","PC.","Spice Container Large Handle*",0,90.00,90.00,"/  /"
"49910","PC.","Milk Powder High Heat LG",13,6.00,6.00,"07/26/23"
"41034","PC.","Pepper Black Whole LG",9,12.00,12.00,"07/26/23"
"41089","PC.","Pepper Black Whole SM",7,12.00,12.00,"07/26/23"
"45658","PC.","Citric Acid SM",6,9.00,9.00,"07/26/23"
"41192","PC.","Oregano Mexican LG",6,3.00,3.00,"07/26/23"
"41060","PC.","Cardamom Ground 16oz",6,6.00,6.00,"07/26/23"
"41212","PC.","Paprika Smoked SM",5,6.00,6.00,"07/26/23"
"41157","PC.","Herbs De Provence SM",5,9.00,9.00,"07/26/23"
"41078","PC.","Ginger Ground SM",5,6.00,6.00,"07/26/23"
"41071","PC.","Sesame Seed Black SM",5,6.00,6.00,"07/26/23"
"41052","PC.","Lavender SM",5,6.00,6.00,"07/26/23"
"41016","PC.","Peppercorn Pink SM",5,6.00,6.00,"07/26/23"
"41009","PC.","Onion Powder LG",5,3.00,3.00,"07/26/23"
"78103","PC.","Turmeric Ground LG",4,3.00,3.00,"07/26/23"
"78033","PC.","Sumac LG",4,3.00,3.00,"07/26/23"
"40100","PC.","Guajillo Powder SM",4,6.00,6.00,"07/26/23"
"45008","PC.","Porcini Powder SM",3,6.00,6.00,"07/26/23"
"41188","PC.","Pepper Black Table Grind LG",3,3.00,3.00,"07/26/23"
"41094","PC.","Pepper Crushed Red LG",3,6.00,6.00,"07/26/23"
"41077","PC.","Sesame Seed Black LG",3,6.00,6.00,"07/26/23"
"41067","PC.","Pepper Cayenne 40K  LG",3,3.00,3.00,"07/26/23"
"41057","PC.","Paprika Hungarian LG",3,3.00,3.00,"07/26/23"
"41054","PC.","Oregano Mediterranean LG",3,3.00,3.00,"07/26/23"
"65891","PC.","Xanthan Gum SM",2,6.00,6.00,"07/26/23"
"41211","PC.","Chimayo LG*",2,3.00,3.00,"07/26/23"
"41137","PC.","Celery Seed Whole SM",2,6.00,6.00,"07/26/23"
"41112","PC.","Cumin Ground LG",2,6.00,6.00,"07/26/23"
"41104","PC.","Chili Powder Dark LG",2,3.00,3.00,"07/26/23"
"41099","PC.","Chili Powder Light SM",2,3.00,3.00,"07/26/23"
"41187","PC.","Coriander Whole LG",1,3.00,3.00,"07/26/23"
"41116","PC.","Garlic Powder LG",1,6.00,6.00,"07/26/23"
"41113","PC.","Dill Weed LG",1,3.00,3.00,"07/26/23"
"41095","PC.","Peppercorn White SM",1,6.00,6.00,"07/26/23"
"41081","PC.","Bay Leaves Whole LG",1,3.00,3.00,"07/26/23"
"41037","PC.","Pepper White Ground SM",1,3.00,3.00,"07/26/23"
"63293","CASE","Milk Powder High Heat 25lb*",0,1.00,1.00,"07/26/23"
"88044","PC.","Seasoning Everything Bagel 50#*",0,1.00,1.00,"07/26/23"
"45900","PC.","Chives Dried LG*",0,3.00,3.00,"07/26/23"
"45661","PAIL","Blackening Seasoning Pail*",0,1.00,1.00,"07/26/23"
"41098","PC.","Peppercorn Tellicherry LG",0,6.00,6.00,"07/26/23"
"41086","CASE","Pepper Black Rest Grind 25lb",0,1.00,1.00,"07/26/23"
"41066","PC.","Sesame Seed White LG",0,9.00,9.00,"07/26/23"
"41062","PC.","Peppercorn Tellicherry SM",0,6.00,6.00,"07/26/23"
"41040","PC.","Pepper Black Rest Grind LG",0,3.00,3.00,"07/26/23"
"41012","PC.","Sesame Seed White SM",0,6.00,6.00,"07/26/23"
"41005","PC.","Beet Powder SM",0,12.00,12.00,"07/26/23"
"10676","PC.","Cheddar Powder White SM",0,3.00,3.00,"07/26/23"
"41241","PC.","Oregano Mexican SM",-1,6.00,6.00,"07/26/23"
"41126","PC.","Rosemary Cut & Sifted LG*",-1,1.00,1.00,"07/26/23"
"77082","PC.","Green Chile Powder Mild SM*",-1,1.00,1.00,"07/26/23"
"41172","PC.","Green Cardamom Whole SM",-2,6.00,6.00,"07/26/23"
"30027","CASE","Corn Tortilla 6.5"" Nixtamal",17,30.00,30.00,"07/31/23"
"30039","CASE","12"" Corn Tortilla Tolteca 6/12",6,4.00,4.00,"07/31/23"
"45135","CASE","Biscotti Pistachio Cookies 12/7oz",14,2.00,2.00,"08/08/23"
"45099","CASE","Spaghetti #1 20/1lb",13,12.00,12.00,"08/08/23"
"45053","CASE","Red Peppers Roasted 12/12oz",13,6.00,6.00,"08/08/23"
"45012","CASE","Beans Lupini 12/8oz",13,6.00,6.00,"08/08/23"
"45005","CASE","Artichoke Hearts 1/4 Marniated 12oz",13,12.00,12.00,"08/08/23"
"45013","CASE","Beans Lupini 12/16oz",10,6.00,6.00,"08/08/23"
"45166","CASE","Olive Oil Extra Virgin 12/250mL",9,4.00,4.00,"08/08/23"
"45130","CASE","Fettucine #18 20/1lb",8,4.00,4.00,"08/08/23"
"45074","CASE","Marinara Sauce 12/16oz",8,12.00,12.00,"08/08/23"
"45022","CASE","Chick Peas 24/16oz",8,6.00,6.00,"08/08/23"
"45086","CASE","Crushed Tomatoes 12/28oz",7,10.00,10.00,"08/08/23"
"45025","CASE","Clams Baby 24/10oz",7,6.00,6.00,"08/08/23"
"45146","CASE","Peppers Garlic Roasted",6,6.00,6.00,"08/08/23"
"45136","CASE","Biscotti Chocolate Cookies 12/7oz",6,6.00,6.00,"08/08/23"
"45092","CASE","Vinegar Red Wine 12/32oz",6,2.00,2.00,"08/08/23"
"45164","CASE","Tomato Basil Sauce 12/32oz",5,8.00,8.00,"08/08/23"
"45110","CASE","Cut Ziti #8 20/1lb",5,7.00,7.00,"08/08/23"
"45109","CASE","Orechhiette Piccole #300 20/1lb",5,2.00,2.00,"08/08/23"
"45101","CASE","Long Fusilli #200 20/1lb",5,6.00,6.00,"08/08/23"
"45079","CASE","Fra Diavolo Sauce 12/16oz",5,12.00,12.00,"08/08/23"
"45077","CASE","Spaghetti Sauce 12/16oz",5,12.00,12.00,"08/08/23"
"45069","CASE","Pepperoncini 12/12oz",5,12.00,12.00,"08/08/23"
"45018","CASE","Capers In Vinegar 12/8oz",5,12.00,12.00,"08/08/23"
"45254","CASE","Shells Medium #13 20/1lb",4,2.00,2.00,"08/08/23"
"45139","CASE","Tomatoes Italian Peeled 12/28oz",4,12.00,12.00,"08/08/23"
"45105","CASE","Rigatoni #7 20/1lb",4,8.00,8.00,"08/08/23"
"45177","CASE","Spaghettini #2 20/1lb*",3,2.00,2.00,"08/08/23"
"45149","CASE","Polenta 12/17oz",3,3.00,3.00,"08/08/23"
"45129","CASE","Giardiniera 12/32oz",3,6.00,6.00,"08/08/23"
"45085","CASE","Tomato Puree 12/28oz",3,6.00,6.00,"08/08/23"
"45078","CASE","Spaghetti Sauce 12/32oz",3,12.00,12.00,"08/08/23"
"45075","CASE","Marinara Sauce 12/32oz",3,2.00,2.00,"08/08/23"
"45096","CASE","Filetto Di Pomodoro Sauce 12/16oz",2,6.00,6.00,"08/08/23"
"16050","CASE","Tonno Tuna in Oil 24/6oz",2,6.00,6.00,"08/08/23"
"45138","CASE","Artichoke Hearts 1/4 12/14oz",1,8.00,8.00,"08/08/23"
"45123","CASE","Arborio Rice 12/1lb",1,20.00,20.00,"08/08/23"
"45098","CASE","Orzo #16 20/1lb",1,12.00,12.00,"08/08/23"
"45081","CASE","Filetto Di Pomodoro Sauce 12/32oz*",1,4.00,4.00,"08/08/23"
"45052","CASE","Red Peppers Roasted 12/7.5oz*",1,6.00,6.00,"08/08/23"
"45016","CASE","Bread Crumbs",1,12.00,12.00,"08/08/23"
"45150","CASE","Mafalda #25 20/1lb",0,6.00,6.00,"08/08/23"
"45102","CASE","Linguine #3 20/1lb",0,12.00,12.00,"08/08/23"
"45046","CASE","Olives Extra Large Pitted 24/6oz",0,6.00,6.00,"08/08/23"
"45152","CASE","Long Ziti #23 20/1lb",-1,12.00,12.00,"08/08/23"
"45148","CASE","Semolina 12/17oz*",-1,10.00,10.00,"08/08/23"
"45134","CASE","Biscotti Almond Cookies 12/7oz",-1,16.00,16.00,"08/08/23"
"45089","CASE","Vodka Sauce 12/32oz",-1,16.00,16.00,"08/08/23"
"45076","CASE","Pizza Sauce 12/16oz",-3,16.00,16.00,"08/08/23"
"10252","EACH","Mother Pearl Caviar Spoons*",35,60.00,60.00,"09/01/23"
"87005","TIN","Sturia Caviar Origin 30g",17,8.00,8.00,"09/01/23"
"87003","TIN","Sturia Caviar Vintage 30g",17,8.00,8.00,"09/01/23"
"87004","TIN","Sturia Caviar Origin 15g",3,40.00,40.00,"09/01/23"
"87021","TIN","Sturia Caviar Oscietra 100g",0,6.00,6.00,"09/01/23"
"87012","TIN","Sturia Caviar Oscietra 250g*",0,3.00,3.00,"09/01/23"
"20018","PAIL","Tahini Bulk Pail",25,65.00,65.00,"08/08/23"
"20655","CASE","Tahini 12/16oz",11,5.00,5.00,"08/08/23"
"20020","PAIL","Tahini Bulk Pail Organic*",0,4.00,4.00,"08/08/23"
"13065","CASE","Capers Non Pareil",8,4.00,4.00,"07/31/23"
"54013","CASE","Grape Leaves Stuffed Dolmas",7,2.00,2.00,"07/31/23"
"10064","BAG","Rice Jasmine 25lb",7,10.00,10.00,"07/31/23"
"67085","CASE","Rice Wild",6,4.00,4.00,"07/31/23"
"45083","CASE","Tomatoes Sun Dried Julienne 5lb",5,10.00,10.00,"07/31/23"
"13058","CASE","Chutney Major Grey Mango",5,1.00,1.00,"07/31/23"
"13064","CASE","Dijon Mustard Grain",3,1.00,1.00,"07/31/23"
"13054","CASE","Hearts of Palm",3,4.00,4.00,"07/31/23"
"67080","CASE","Couscous Israeli",2,8.00,8.00,"07/31/23"
"67029","CASE","Polenta Medium",2,4.00,4.00,"07/31/23"
"41132","CASE","Balsamic White 2/5L",2,2.00,2.00,"07/31/23"
"13053","CASE","Chipotle Peppers Adobo",1,1.00,1.00,"07/31/23"
"13050","CASE","Sweet Chili Sauce",1,5.00,5.00,"07/31/23"
"13067","CASE","Pepperoncini",0,8.00,8.00,"07/31/23"
"77087","CASE","Molasses",0,2.00,2.00,"07/31/23"
"13063","CASE","Dijon Mustard Traditional",0,5.00,5.00,"07/31/23"
"13062","CASE","Pepperoncini Sliced 4/1gal*",0,20.00,20.00,"07/31/23"
"72022","CASE","Cornichons",4,10.00,10.00,"08/02/23"
"15060","CASE","Juice Blood Orange 12/1L",7,66.00,66.00,"08/08/23"
"11314","TIN","Kaluga Royal-250gr*",3,40.00,40.00,"07/31/23"
"42014","PC.","Black Summer Truffles Fresh*",-1,1.00,1.00,"07/28/23"
"10206CA","CASE","Brogne 35% Milk Chocolate Couv",180,1440.00,1440.00,"/  /"
"10201CA","CASE","Perron Dark Choc Couv 60%",0,360.00,360.00,"/  /"
"11309","CASE","Anchovies White",8,10.00,10.00,"07/31/23"
"77300","CASE","Extra Virgin Olive Oil 1923",7,10.00,10.00,"07/31/23"
"11268","CASE","Olive Oil Super V",6,4.00,4.00,"07/31/23"
"11232","JUG","EVOO Jewel of Tuscany 35lb",6,2.00,2.00,"07/31/23"
"11200","CASE","Pappardelle All'Uovo",5,10.00,10.00,"07/31/23"
"11273","CASE","Mortadella Pistachios Imported",5,3.00,3.00,"07/31/23"
"11209","CASE","Spaghetti Alla Chitarra Organic",3,3.00,3.00,"07/31/23"
"11205","CASE","Gigli Toscani Organic",3,1.00,1.00,"07/31/23"
"11288","CASE","Olive Oil White Truffle Infused",3,3.00,3.00,"07/31/23"
"11218","CASE","Tomatoes Baby Red Confit",2,14.00,14.00,"07/31/23"
"11265","CASE","Calabrian Peppers Spicy",2,5.00,5.00,"07/31/23"
"11227","CASE","Cannellini Beans Canned",2,1.00,1.00,"07/31/23"
"18240","CASE","Spaghetti GF",1,1.00,1.00,"07/31/23"
"11258","CASE","Vinegar Balsamic Glaze",1,2.00,2.00,"07/31/23"
"11251","EACH","Prosciutto Crudo Italiano",1,5.00,5.00,"07/31/23"
"11223","CASE","Olive Oil Extra Virgin Fattoria",0,2.00,2.00,"07/31/23"
"11216","CASE","Rigatoni Bronze Die*",0,4.00,4.00,"07/31/23"
"00007","EACH","Freight / Fuel Charges",0,1.00,1.00,"07/31/23"
"16049","CASE","Squid Ink",0,1.00,1.00,"07/31/23"
"11250","CASE","Vinegar Balsamic Di Modena",0,7.00,7.00,"07/31/23"
"87137","CASE","Prosciutto Cotto Herbs*",30,20.00,20.00,"07/27/23"
"87150","CASE","Prosciutto Cotto Ham 16lb*",4,14.00,14.00,"07/27/23"
"34004","PAIL","Olives  Nicoise Pitted",4,20.00,20.00,"07/27/23"
"90025","CASE","Speck Alto Adige 1/2 Cut",2,8.00,8.00,"07/27/23"
"67271","CASE","Vincotto Original",2,15.00,15.00,"07/27/23"
"45003","CASE","Anchovy Tin 24/1.5oz",2,18.00,18.00,"07/27/23"
"67278","PC.","Fontina Aosta DOP 1/4 wheel",0,4.00,4.00,"07/27/23"
"49206","CASE","Anchovy Whole In Salt 12/750g",0,4.00,4.00,"07/27/23"
"44023","CASE","Anchovy Fillets in EVOO-25oz",0,3.00,3.00,"07/27/23"
"69921","BAG","Green Tea Unwrapped Pyramids",4,3.00,3.00,"07/27/23"
"69933","CASE","Black Iced Tea Portion Packs",1,5.00,5.00,"07/27/23"
"55504","CASE","White Peach Iced Tea",0,5.00,5.00,"07/27/23"
"77208","CASE","Farro Organic",21,4.00,4.00,"08/15/23"
"77206","CASE","Lentils Red Crimson Decorticated",8,2.00,2.00,"08/15/23"
"45236","CASE","Lentils Black Beluga",4,6.00,6.00,"08/15/23"
"45015","CASE","Lentils French Green",2,8.00,8.00,"08/15/23"
"45172","CASE","Garbanzo Beans Organic",1,30.00,30.00,"08/15/23"
"75021","CASE","Vacuum Pouch (3ml) 8x12*",0,1.00,1.00,"07/26/23"
"88010","CASE","Egg Replacer*",0,1.00,1.00,"07/26/23"
"16075","CASE","Olive Castelvetrano",13,10.00,10.00,"07/31/23"
"44054","CASE","Oil Grapeseed 6/2L",9,24.00,24.00,"07/31/23"
"16077","CASE","Olive Castelvetrano Pitted",8,60.00,60.00,"07/31/23"
"16072","CASE","Oil EVOO Sicilian 12/500mL",4,2.00,2.00,"07/31/23"
"44055","CASE","Oil EVOO Sicilian Unfiltered",3,10.00,10.00,"07/31/23"
"16073","CASE","Oil EVOO Sicilian 12/1L",3,5.00,5.00,"07/31/23"
"16074","CASE","Oil EVOO Sicilian 4/3L",0,40.00,40.00,"07/31/23"
"23001","CASE","White Peach Puree (Peche Blanche)",19,15.00,15.00,"07/31/23"
"23011","CASE","Strawberry Puree (Fraise)",17,15.00,15.00,"07/31/23"
"23003","CASE","Raspberry Puree (Framboise)",15,15.00,15.00,"07/31/23"
"23010","CASE","Passion Fruit Puree",11,20.00,20.00,"07/31/23"
"23009","CASE","Wild Blueberry Puree (Myrtille)",8,10.00,10.00,"07/31/23"
"23007","CASE","Mango Puree (Mangue)",-1,25.00,25.00,"07/31/23"
"72605","CASE","Chocolate Chips 60%-4000ct",25,5.00,5.00,"07/31/23"
"45219","CASE","Satilia 35% Milk Choc (Feves)",25,6.00,6.00,"07/31/23"
"89012","CASE","White Choc Ecuador-31%",17,5.00,5.00,"07/31/23"
"45247","CASE","Tropilia Dark 70%",15,12.00,12.00,"07/31/23"
"35215","CASE","Satilia 62% Dark Choc (Feves)",14,20.00,20.00,"07/31/23"
"72125","CASE","Caramelia (Feves)36%",13,2.00,2.00,"07/31/23"
"72129","CASE","Dulcey Blond Chocolate (Feves)",11,6.00,6.00,"07/31/23"
"72130","CASE","Opalys White (Feves)",10,15.00,15.00,"07/31/23"
"72608","CASE","Equatoriale Dark 55%",9,4.00,4.00,"07/31/23"
"45213","CASE","Manjari 64% (Feves)",9,10.00,10.00,"07/31/23"
"89005","CASE","Milk Chocolate Peru 38%",8,5.00,5.00,"07/31/23"
"45196","BAG","Dark Crunchy Pearls-55%",8,3.00,3.00,"07/31/23"
"72126","CASE","Chocolate Ivoire (Feves)",7,5.00,5.00,"07/31/23"
"72109","CASE","Jivara-Milk Chocolate (Feves)",7,20.00,20.00,"07/31/23"
"45224","PAIL","Absolu Cristal (Neutral Glaze)",7,4.00,4.00,"07/31/23"
"11015","CASE","Cocoa Powder",7,3.00,3.00,"07/31/23"
"72628","CASE","Inspiration Raspberry Feves",6,3.00,3.00,"07/31/23"
"72617","CASE","Inspiration Strawberry Feves",6,3.00,3.00,"07/31/23"
"72110","CASE","Guanaja 70% (Feves)",6,8.00,8.00,"07/31/23"
"45217","CASE","Caraibe 66% (Feves)",6,8.00,8.00,"07/31/23"
"88166","PC.","Strawberry Crispy Wet Proof- 400g",5,6.00,6.00,"07/31/23"
"88153","PC.","Agar Agar Powder",5,6.00,6.00,"07/31/23"
"45227","PC.","Chocolate Batons 48%",4,60.00,60.00,"07/31/23"
"72132","CASE","Bahibé Milk 46% Feves",3,3.00,3.00,"07/31/23"
"45212","CASE","Araguani 72% (Feves)",3,2.00,2.00,"07/31/23"
"88028","PC.","Soy Lecithin Powder-400gr",2,6.00,6.00,"07/31/23"
"72614","CASE","Broadmoor Blend 66% Feves",2,20.00,20.00,"07/31/23"
"89013","CASE","White Choc w/ Roasted Corn-33%",1,4.00,4.00,"07/31/23"
"89000","CASE","Dark Choc Ecuador (Baking Choc)-56%",1,3.00,3.00,"07/31/23"
"72128","CASE","Caramelia Crunchy Pearls",1,2.00,2.00,"07/31/23"
"98022","CASE","Norohy Vanilla Bean Org Madagascar",0,1.00,1.00,"07/31/23"
"72627","CASE","Inspiration Yuzu Feves",0,3.00,3.00,"07/31/23"
"72606","CASE","Azélia-Milk Choc w/ Hazelnuts-35%",0,1.00,1.00,"07/31/23"
"72141","BAG","Valrhona Cocoa Powder-Bulk**",0,1.00,1.00,"07/31/23"
"45223","CASE","Satilia White Choc (Feves)",0,10.00,10.00,"07/31/23"
"45256","CASE","Nyangbo 68% (Feves)",0,8.00,8.00,"07/31/23"
"45216","CASE","P125 Coeur de Guanaja 80%(Feves)",0,10.00,10.00,"07/31/23"
"45201","CASE","Komuntu 80% Bitter Chocolate",0,1.00,1.00,"07/31/23"
"45195","CASE","Tomatoes San Marzano D.O.P 28oz",10,60.00,60.00,"08/01/23"
"45301","CASE","Tomato Paste Italian 48/6oz",6,20.00,20.00,"08/01/23"
"61025","CASE","Coconut Milk 12/1L",14,20.00,20.00,"08/01/23"
"50043","CASE","Coconut Cream 12/1L",13,20.00,20.00,"08/01/23"
"75604","CASE","Plum Sugar Vinegar 6/20oz",9,4.00,4.00,"08/01/23"
"36855","CASE","Black Vinegar*",6,4.00,4.00,"08/01/23"
"11013","CASE","Tapioca Pearls",4,2.00,2.00,"08/01/23"
"54062","CASE","Vegetarian Oyster Sauce*",2,2.00,2.00,"08/01/23"
"61009","CASE","Tamarind Wet Paste",1,2.00,2.00,"08/01/23"
"11005","CASE","Hoisin Sauce",0,4.00,4.00,"08/01/23"
"67037","CASE","Sriracha Sauce 12/28oz",0,30.00,30.00,"08/01/23"
"61016","CASE","Sambal Oelek",-1,20.00,20.00,"08/01/23"
"11118","CASE","Stacy CASE Description",1,1.00,1.00,"07/26/23"
"11118","CASE","Stacy CASE Description",1,1.00,1.00,"07/26/23"
"68745","JAR","Za'Atar 16oz",10,18.00,18.00,"07/26/23"
"41092","PC.","Szechuan Peppercorn SM",7,12.00,12.00,"07/26/23"
"65899","PC.","Black Mustard Seeds",6,6.00,6.00,"07/26/23"
"62126","PC.","Himalayan Pink Salt",5,12.00,12.00,"07/26/23"
"41191","JAR","Ras el Hanout SM",5,6.00,6.00,"07/26/23"
"35101","CASE","Polenta Coarse YELLOW",4,2.00,2.00,"07/26/23"
"41261","PC.","Achiote Paste SM*",3,8.00,8.00,"07/26/23"
"40996","CASE","Fava Beans Peeled Habas",3,5.00,5.00,"07/26/23"
"41002","PC.","Mild Chile Threads",1,12.00,12.00,"07/26/23"
"35099","CASE","Polenta Fine WHITE",1,2.00,2.00,"07/26/23"
"00007","EACH","Freight / Fuel Charges",0,1.00,1.00,"07/26/23"
"41036","PC.","Aleppo Pepper Flakes",-1,30.00,30.00,"07/26/23"
"46208","CASE","Chinese Black Rice",-3,8.00,8.00,"07/26/23"
